#FORMAT=WebAnno TSV 3.2				
#T_SP=webanno.custom.Connective|Sense				
				
				
#Text=«ЗНАЙТИ І СПАСТИ, ЩО ЗАГИНУЛО...» РІЗДВЯНЕ ПОСЛАННЯ ПАТРІАРХА КИЇВСЬКОГО І ВСІЄЇ РУСИ-УКРАЇНИ ФІЛАРЕТА ПРЕОСВЯЩЕННИМ АРХИПАСТИРЯМ, БОГОЛЮБИВИМ ПАСТИРЯМ, ЧЕСНОМУ ЧЕРНЕЦТВУ ТА ВСІМ ВІРНИМУКРАЇНСЬКОЇ ПРАВОСЛАВНОЇ ЦЕРКВИ КИЇВСЬКОГО ПАТРІАРХАТУ. Дорогі браття і сестри! Христос народився, славімо Його! Знову радісно і з духовним піднесенням святкує Православна Церква Різдво Господа нашого Ісуса Христа.				
1-1	0-1	«	_	
1-2	8-9	І	_	
1-3	10-16	СПАСТИ	_	
1-4	16-17	,	_	
1-5	18-20	ЩО	_	
1-6	21-29	ЗАГИНУЛО	_	
1-7	29-32	...	_	
1-8	32-33	»	_	
1-9	34-42	РІЗДВЯНЕ	_	
1-10	43-51	ПОСЛАННЯ	_	
1-11	52-61	ПАТРІАРХА	_	
1-12	62-72	КИЇВСЬКОГО	_	
1-13	73-74	І	_	
1-14	75-80	ВСІЄЇ	_	
1-15	81-85	РУСИ	_	
1-16	82-102	УСИ-УКРАЇНИ ФІЛАРЕТА	_	
1-17	85-86	-	_	
1-18	103-116	ПРЕОСВЯЩЕННИМ	_	
1-19	117-129	АРХИПАСТИРЯМ	_	
1-20	129-130	,	_	
1-21	131-151	БОГОЛЮБИВИМ ПАСТИРЯМ	_	
1-22	151-152	,	_	
1-23	153-170	ЧЕСНОМУ ЧЕРНЕЦТВУ	_	
1-24	153-160	ЧЕСНОМУ	_	
1-25	167-173	ТВУ ТА	_	
1-26	168-196	ВУ ТА ВСІМ ВІРНИМУКРАЇНСЬКОЇ	_	
1-27	168-178	ВУ ТА ВСІМ	_	
1-28	197-209	ПРАВОСЛАВНОЇ	_	
1-29	210-216	ЦЕРКВИ	_	
1-30	213-227	КВИ КИЇВСЬКОГО	_	
1-31	228-239	ПАТРІАРХАТУ	_	
1-32	239-240	.	_	
1-33	241-247	Дорогі	_	
1-34	246-247	і	_	
1-35	248-254	браття	_	
1-36	257-263	сестри	_	
1-37	263-264	!	_	
1-38	265-272	Христос	_	
1-39	268-291	стос народився, славімо	_	
1-40	273-282	народився	_	
1-41	282-283	,	_	
1-42	288-289	і	_	
1-43	292-296	Його	_	
1-44	296-297	!	_	
1-45	298-303	Знову	_	
1-46	304-311	радісно	_	
1-47	306-324	дісно і з духовним	_	
1-48	308-344	сно і з духовним піднесенням святкує	_	
1-49	314-315	з	_	
1-50	325-336	піднесенням	_	
1-51	345-356	Православна	_	
1-52	354-385	на Церква Різдво Господа нашого	_	
1-53	357-363	Церква	_	
1-54	364-370	Різдво	_	
1-55	371-378	Господа	_	
1-56	386-391	Ісуса	_	
1-57	392-398	Христа	_	
1-58	398-399	.	_	
				
#Text=Християни звикли відзначати Різдво Христове як традиційне народне свято, часто не задумуючись над його значенням і сенсом.				
2-1	399-408	Християни	_	
2-2	409-415	звикли	_	
2-3	416-426	відзначати	_	
2-4	427-433	Різдво	_	
2-5	434-442	Христове	_	
2-6	443-445	як	_	
2-7	446-456	традиційне	_	
2-8	457-464	народне	_	
2-9	465-470	свято	_	
2-10	470-471	,	_	
2-11	472-477	часто	_	
2-12	478-480	не	_	
2-13	481-492	задумуючись	_	
2-14	493-496	над	_	
2-15	497-501	його	_	
2-16	502-511	значенням	_	
2-17	512-513	і	_	
2-18	514-520	сенсом	_	
2-19	520-521	.	_	
				
#Text=У чому ж полягає сенс Різдва Христового? В тому, що Син Божий – одна із Трьох іпостасей Святої Трійці – Творець всесвіту, з’єднавшись з нашою людською природою через народження від Пресвятої Діви, не від чоловіка, а від Духа Святого, – оновив наше єство, визволивши його від гріха і смерті.				
3-1	521-522	У	_	
3-2	523-527	чому	_	
3-3	528-529	ж	_	
3-4	530-537	полягає	_	
3-5	538-542	сенс	_	
3-6	543-549	Різдва	_	
3-7	550-560	Христового	_	
3-8	560-561	?	_	
3-9	562-563	В	_	
3-10	564-568	тому	_	
3-11	568-569	,	_	
3-12	570-572	що	_	
3-13	573-576	Син	_	
3-14	577-582	Божий	_	
3-15	583-584	–	_	
3-16	585-589	одна	_	
3-17	590-592	із	_	
3-18	593-598	Трьох	_	
3-19	599-608	іпостасей	_	
3-20	609-615	Святої	_	
3-21	616-622	Трійці	_	
3-22	623-624	–	_	
3-23	625-632	Творець	_	
3-24	633-641	всесвіту	_	
3-25	641-642	,	_	
3-26	643-654	з’єднавшись	_	
3-27	655-656	з	_	
3-28	657-662	нашою	_	
3-29	663-671	людською	_	
3-30	672-680	природою	_	
3-31	681-686	через	_	
3-32	687-697	народження	_	
3-33	698-701	від	_	
3-34	702-711	Пресвятої	_	
3-35	712-716	Діви	_	
3-36	716-717	,	_	
3-37	718-720	не	_	
3-38	721-724	від	_	
3-39	725-733	чоловіка	_	
3-40	733-734	,	_	
3-41	735-736	а	_	
3-42	737-740	від	_	
3-43	741-745	Духа	_	
3-44	746-753	Святого	_	
3-45	753-754	,	_	
3-46	755-756	–	_	
3-47	757-763	оновив	_	
3-48	764-768	наше	_	
3-49	769-774	єство	_	
3-50	774-775	,	_	
3-51	776-786	визволивши	_	
3-52	787-791	його	_	
3-53	792-795	від	_	
3-54	796-801	гріха	_	
3-55	802-803	і	_	
3-56	804-810	смерті	_	
3-57	810-811	.	_	
				
#Text=Ми це сповідуємо, коли читаємо або співаємо Символ віри, також коли співаємо колядки, в одній із яких є такі слова: „Ой радуйся, земле, Син Божий народився!” Тому після Різдва Христового для віруючих не страшна смерть, бо Христос оновив людську природу, визволивши її від гріха, а Своїм воскресінням із мертвих подолав смерть і дав нам надію на воскресіння в час Свого другого пришестя.				
4-1	811-813	Ми	_	
4-2	814-816	це	_	
4-3	817-827	сповідуємо	_	
4-4	827-828	,	_	
4-5	829-833	коли	temp-synchronous	
4-6	834-841	читаємо	_	
4-7	842-845	або	_	
4-8	846-854	співаємо	_	
4-9	855-861	Символ	_	
4-10	862-866	віри	_	
4-11	866-867	,	_	
4-12	868-873	також	_	
4-13	874-878	коли	_	
4-14	879-887	співаємо	_	
4-15	888-895	колядки	_	
4-16	895-896	,	_	
4-17	897-898	в	_	
4-18	899-904	одній	_	
4-19	905-907	із	_	
4-20	908-912	яких	_	
4-21	913-914	є	_	
4-22	915-919	такі	_	
4-23	920-925	слова	_	
4-24	925-926	:	_	
4-25	928-930	Ой	_	
4-26	931-938	радуйся	_	
4-27	938-939	,	_	
4-28	940-945	земле	_	
4-29	945-946	,	_	
4-30	947-950	Син	_	
4-31	951-956	Божий	_	
4-32	957-966	народився	_	
4-33	966-967	!	_	
4-34	967-968	”	_	
4-35	969-973	Тому	cont-cause-reason	
4-36	974-979	після	_	
4-37	980-986	Різдва	_	
4-38	987-997	Христового	_	
4-39	993-1010	вого для віруючих	_	
4-40	998-1001	для	_	
4-41	1011-1013	не	_	
4-42	1014-1028	страшна смерть	_	
4-43	1014-1021	страшна	_	
4-44	1028-1029	,	_	
4-45	1030-1032	бо	cont-cause-reason	
4-46	1031-1047	о Христос оновив	_	
4-47	1033-1040	Христос	_	
4-48	1048-1055	людську	_	
4-49	1056-1063	природу	_	
4-50	1063-1064	,	_	
4-51	1065-1082	визволивши її від	_	
4-52	1065-1075	визволивши	_	
4-53	1076-1078	її	_	
4-54	1083-1088	гріха	_	
4-55	1087-1088	а	_	
4-56	1088-1089	,	_	
4-57	1092-1097	Своїм	_	
4-58	1093-1110	воїм воскресінням	_	
4-59	1105-1113	інням із	_	
4-60	1109-1121	м із мертвих	_	
4-61	1122-1129	подолав	_	
4-62	1124-1129	долав	_	
4-63	1130-1136	смерть	_	
4-64	1137-1138	і	_	
4-65	1141-1167	в нам надію на воскресіння	_	
4-66	1143-1152	нам надію	_	
4-67	1143-1146	нам	_	
4-68	1143-1145	на	_	
4-69	1156-1157	в	_	
4-70	1170-1173	час	_	
4-71	1174-1179	Свого	_	
4-72	1180-1187	другого	_	
4-73	1188-1196	пришестя	_	
4-74	1196-1197	.	_	
				
#Text=Якби не було Різдва Христового, то не було б ні Голгофи, ні смерті, ні воскресіння.				
5-1	1197-1201	Якби	cont-negative-condition-arg1-as-consequent[1]	
5-2	1202-1204	не	cont-negative-condition-arg1-as-consequent[1]	
5-3	1205-1209	було	_	
5-4	1210-1216	Різдва	_	
5-5	1217-1227	Христового	_	
5-6	1227-1228	,	_	
5-7	1229-1231	то	cont-negative-condition-arg1-as-consequent[1]	
5-8	1232-1234	не	_	
5-9	1235-1239	було	_	
5-10	1240-1241	б	_	
5-11	1242-1244	ні	_	
5-12	1245-1252	Голгофи	_	
5-13	1252-1253	,	_	
5-14	1254-1256	ні	_	
5-15	1257-1263	смерті	_	
5-16	1263-1264	,	_	
5-17	1265-1267	ні	_	
5-18	1268-1279	воскресіння	_	
5-19	1279-1280	.	_	
				
#Text=Різдво Христове є початком і основою нашого спасіння.				
6-1	1280-1286	Різдво	_	
6-2	1287-1295	Христове	_	
6-3	1296-1297	є	_	
6-4	1298-1306	початком	_	
6-5	1307-1308	і	_	
6-6	1309-1316	основою	_	
6-7	1317-1323	нашого	_	
6-8	1324-1332	спасіння	_	
6-9	1332-1333	.	_	
				
#Text=Перед народженням Христа Спасителя темрява гріха настільки оволоділа людством, що не тільки люди забули істинного Бога, але, здавалося, що й Сам Бог забув людей.				
7-1	1333-1338	Перед	_	
7-2	1339-1350	народженням	_	
7-3	1351-1357	Христа	_	
7-4	1358-1367	Спасителя	_	
7-5	1368-1375	темрява	_	
7-6	1376-1381	гріха	_	
7-7	1382-1391	настільки	_	
7-8	1392-1401	оволоділа	_	
7-9	1402-1410	людством	_	
7-10	1410-1411	,	_	
7-11	1412-1414	що	_	
7-12	1415-1417	не	_	
7-13	1418-1424	тільки	_	
7-14	1425-1429	люди	_	
7-15	1430-1436	забули	_	
7-16	1437-1446	істинного	_	
7-17	1447-1451	Бога	_	
7-18	1451-1452	,	_	
7-19	1453-1456	але	comp-contrast	
7-20	1456-1457	,	_	
7-21	1458-1467	здавалося	_	
7-22	1467-1468	,	_	
7-23	1469-1471	що	_	
7-24	1472-1473	й	*	
7-25	1474-1477	Сам	_	
7-26	1478-1481	Бог	_	
7-27	1482-1487	забув	_	
7-28	1488-1493	людей	_	
7-29	1493-1494	.	_	
				
#Text=Світ перебував у темряві гріха.				
8-1	1494-1498	Світ	_	
8-2	1499-1508	перебував	_	
8-3	1509-1510	у	_	
8-4	1511-1518	темряві	_	
8-5	1519-1524	гріха	_	
8-6	1524-1525	.	_	
				
#Text=Коли людство гинуло від моральної зіпсованості, помираючи духовно раніше, ніж тілесно, тоді Сам Бог з любові до Свого творіння зійшов на землю, щоб „знайти і спасти, що загинуло” .				
9-1	1525-1529	Коли	temp-synchronous	
9-2	1530-1537	людство	_	
9-3	1538-1544	гинуло	_	
9-4	1545-1548	від	_	
9-5	1549-1558	моральної	_	
9-6	1559-1571	зіпсованості	_	
9-7	1571-1572	,	_	
9-8	1573-1582	помираючи	_	
9-9	1583-1590	духовно	_	
9-10	1591-1597	раніше	_	
9-11	1597-1598	,	_	
9-12	1599-1602	ніж	_	
9-13	1603-1610	тілесно	_	
9-14	1610-1611	,	_	
9-15	1612-1616	тоді	temp-asynchronous-precedence	
9-16	1617-1620	Сам	_	
9-17	1621-1624	Бог	_	
9-18	1625-1626	з	_	
9-19	1627-1633	любові	_	
9-20	1634-1636	до	_	
9-21	1637-1642	Свого	_	
9-22	1643-1651	творіння	_	
9-23	1652-1658	зійшов	_	
9-24	1659-1661	на	_	
9-25	1662-1667	землю	_	
9-26	1667-1668	,	_	
9-27	1669-1672	щоб	cont-purpose-arg2-as-goal	
9-28	1674-1680	знайти	_	
9-29	1681-1682	і	_	
9-30	1683-1689	спасти	_	
9-31	1689-1690	,	_	
9-32	1691-1693	що	_	
9-33	1694-1702	загинуло	_	
9-34	1702-1703	”	_	
9-35	1703-1705	 .	_	
				
#Text=Син Божий не прийшов на землю як цар – у славі.				
10-1	1705-1708	Син	_	
10-2	1709-1714	Божий	_	
10-3	1715-1717	не	_	
10-4	1718-1725	прийшов	_	
10-5	1726-1728	на	_	
10-6	1729-1734	землю	_	
10-7	1735-1737	як	_	
10-8	1738-1741	цар	_	
10-9	1742-1743	–	_	
10-10	1744-1745	у	_	
10-11	1746-1751	славі	_	
10-12	1751-1752	.	_	
				
#Text=Він народився не в багатому палаці, оточений слугами й воїнами.				
11-1	1752-1755	Він	_	
11-2	1756-1765	народився	_	
11-3	1766-1768	не	_	
11-4	1769-1770	в	_	
11-5	1771-1779	багатому	_	
11-6	1780-1786	палаці	_	
11-7	1786-1787	,	_	
11-8	1788-1796	оточений	_	
11-9	1797-1804	слугами	_	
11-10	1805-1806	й	_	
11-11	1807-1814	воїнами	_	
11-12	1814-1815	.	_	
				
#Text=Бог прийшов у світ через бідний вертеп, куди заганяли худобу в холодні ночі.				
12-1	1815-1818	Бог	_	
12-2	1819-1826	прийшов	_	
12-3	1827-1828	у	_	
12-4	1829-1833	світ	_	
12-5	1834-1839	через	_	
12-6	1840-1846	бідний	_	
12-7	1847-1853	вертеп	_	
12-8	1853-1854	,	_	
12-9	1855-1859	куди	_	
12-10	1860-1868	заганяли	_	
12-11	1869-1875	худобу	_	
12-12	1876-1877	в	_	
12-13	1878-1885	холодні	_	
12-14	1886-1890	ночі	_	
12-15	1890-1891	.	_	
				
#Text=Пречиста Діва Марія сповила немовля Ісуса і поклала не в царську колиску, а в ясла на сіно.				
13-1	1891-1899	Пречиста	_	
13-2	1900-1904	Діва	_	
13-3	1905-1910	Марія	_	
13-4	1911-1918	сповила	_	
13-5	1919-1926	немовля	_	
13-6	1927-1932	Ісуса	_	
13-7	1933-1934	і	_	
13-8	1935-1942	поклала	_	
13-9	1943-1945	не	_	
13-10	1946-1947	в	_	
13-11	1948-1955	царську	_	
13-12	1956-1963	колиску	_	
13-13	1963-1964	,	_	
13-14	1965-1966	а	_	
13-15	1967-1968	в	_	
13-16	1969-1973	ясла	_	
13-17	1974-1976	на	_	
13-18	1977-1981	сіно	_	
13-19	1981-1982	.	_	
				
#Text=Гордість найвищого ангела була причиною зла у світі.				
14-1	1982-1990	Гордість	_	
14-2	1991-2000	найвищого	_	
14-3	2001-2007	ангела	_	
14-4	2008-2012	була	_	
14-5	2013-2021	причиною	_	
14-6	2022-2025	зла	_	
14-7	2026-2027	у	_	
14-8	2028-2033	світі	_	
14-9	2033-2034	.	_	
				
#Text=Тому Бог обрав смирення засобом спасіння людей.				
15-1	2034-2038	Тому	cont-cause-reason	
15-2	2039-2042	Бог	_	
15-3	2043-2048	обрав	_	
15-4	2049-2057	смирення	_	
15-5	2058-2065	засобом	_	
15-6	2066-2074	спасіння	_	
15-7	2075-2080	людей	_	
15-8	2080-2081	.	_	
				
#Text=Без смирення немає правдивого духовного життя.				
16-1	2081-2084	Без	_	
16-2	2085-2093	смирення	_	
16-3	2094-2099	немає	_	
16-4	2100-2110	правдивого	_	
16-5	2111-2120	духовного	_	
16-6	2121-2126	життя	_	
16-7	2126-2127	.	_	
				
#Text=Апостол справедливо сказав: „Бог гордим противиться, а смиренним дає благодать” .				
17-1	2127-2134	Апостол	_	
17-2	2135-2146	справедливо	_	
17-3	2147-2153	сказав	_	
17-4	2153-2154	:	_	
17-5	2156-2159	Бог	_	
17-6	2158-2166	г гордим	_	
17-7	2167-2178	противиться	_	
17-8	2178-2179	,	_	
17-9	2180-2181	а	comp-contrast	
17-10	2182-2191	смиренним	_	
17-11	2192-2195	дає	_	
17-12	2196-2205	благодать	_	
17-13	2205-2206	”	_	
17-14	2206-2208	 .	_	
				
"#Text=Ми живемо в такий період історії, як і перед Різдвом Христовим; як тоді, так і тепер людство відкинуло Бога, як центр історичного процесу, і поставило на Його місце людину з її правами."				
18-1	2208-2210	Ми	_	
18-2	2211-2217	живемо	_	
18-3	2218-2219	в	_	
18-4	2220-2225	такий	_	
18-5	2226-2232	період	_	
18-6	2233-2240	історії	_	
18-7	2240-2241	,	_	
18-8	2242-2244	як	_	
18-9	2245-2246	і	_	
18-10	2247-2252	перед	_	
18-11	2253-2260	Різдвом	_	
18-12	2261-2270	Христовим	_	
18-13	2270-2271	";"	_	
18-14	2272-2274	як	_	
18-15	2275-2279	тоді	_	
18-16	2279-2280	,	_	
18-17	2281-2284	так	_	
18-18	2285-2286	і	_	
18-19	2287-2292	тепер	_	
18-20	2293-2300	людство	_	
18-21	2301-2310	відкинуло	_	
18-22	2311-2315	Бога	_	
18-23	2315-2316	,	_	
18-24	2317-2319	як	_	
18-25	2320-2325	центр	_	
18-26	2326-2337	історичного	_	
18-27	2338-2345	процесу	_	
18-28	2345-2346	,	_	
18-29	2347-2348	і	_	
18-30	2349-2358	поставило	_	
18-31	2359-2361	на	_	
18-32	2362-2366	Його	_	
18-33	2367-2372	місце	_	
18-34	2373-2379	людину	_	
18-35	2380-2381	з	_	
18-36	2382-2384	її	_	
18-37	2385-2392	правами	_	
18-38	2392-2393	.	_	
				
#Text=Європейська цивілізація, в основі якої лежить християнство, завдяки вічним незмінним духовним цінностям створила неперевершені матеріальні цінності.				
19-1	2393-2404	Європейська	_	
19-2	2405-2416	цивілізація	_	
19-3	2416-2417	,	_	
19-4	2418-2419	в	_	
19-5	2420-2426	основі	_	
19-6	2427-2431	якої	_	
19-7	2432-2438	лежить	_	
19-8	2439-2451	християнство	_	
19-9	2451-2452	,	_	
19-10	2453-2460	завдяки	_	
19-11	2461-2467	вічним	_	
19-12	2468-2477	незмінним	_	
19-13	2478-2486	духовним	_	
19-14	2487-2496	цінностям	_	
19-15	2497-2505	створила	_	
19-16	2506-2519	неперевершені	_	
19-17	2520-2531	матеріальні	_	
19-18	2532-2540	цінності	_	
19-19	2540-2541	.	_	
				
#Text=Але сьогодні Європа забуває, що вона досягла цього завдяки високому моральному стану суспільства.				
20-1	2541-2544	Але	comp-contrast	
20-2	2545-2553	сьогодні	_	
20-3	2554-2560	Європа	_	
20-4	2561-2568	забуває	_	
20-5	2568-2569	,	_	
20-6	2570-2572	що	_	
20-7	2573-2577	вона	_	
20-8	2578-2585	досягла	_	
20-9	2586-2591	цього	_	
20-10	2592-2599	завдяки	_	
20-11	2600-2608	високому	_	
20-12	2609-2619	моральному	_	
20-13	2620-2625	стану	_	
20-14	2626-2637	суспільства	_	
20-15	2637-2638	.	_	
				
#Text=Сьогодні християнський світ став не таким, яким він був раніше.				
21-1	2638-2646	Сьогодні	_	
21-2	2647-2660	християнський	_	
21-3	2661-2665	світ	_	
21-4	2666-2670	став	_	
21-5	2671-2673	не	_	
21-6	2674-2679	таким	_	
21-7	2679-2680	,	_	
21-8	2681-2685	яким	_	
21-9	2686-2689	він	_	
21-10	2690-2693	був	_	
21-11	2694-2700	раніше	_	
21-12	2700-2701	.	_	
				
#Text=Христос Спаситель сказав Своїм послідовникам, тобто християнам: „Ви – сіль землі.				
22-1	2701-2708	Христос	_	
22-2	2709-2718	Спаситель	_	
22-3	2719-2725	сказав	_	
22-4	2726-2731	Своїм	_	
22-5	2732-2745	послідовникам	_	
22-6	2745-2746	,	_	
22-7	2747-2752	тобто	_	
22-8	2753-2763	християнам	_	
22-9	2763-2764	:	_	
22-10	2766-2768	Ви	_	
22-11	2769-2770	–	_	
22-12	2771-2775	сіль	_	
22-13	2776-2781	землі	_	
22-14	2781-2782	.	_	
				
#Text=Якщо ж сіль втратить силу … Вона вже ні до чого не придатна, хіба що бути викинутою геть на потоптання людям” .				
23-1	2782-2786	Якщо	cont-condition-arg1-as-consequent	
23-2	2787-2788	ж	_	
23-3	2789-2793	сіль	_	
23-4	2794-2802	втратить	_	
23-5	2803-2807	силу	_	
23-6	2808-2809	…	_	
23-7	2810-2814	Вона	_	
23-8	2815-2818	вже	_	
23-9	2819-2821	ні	_	
23-10	2822-2824	до	_	
23-11	2825-2829	чого	_	
23-12	2830-2832	не	_	
23-13	2833-2841	придатна	_	
23-14	2841-2842	,	_	
23-15	2843-2847	хіба	cont-negative-condition-arg2-as-consequent[2]	
23-16	2848-2850	що	cont-negative-condition-arg2-as-consequent[2]	
23-17	2851-2855	бути	_	
23-18	2856-2865	викинутою	_	
23-19	2866-2870	геть	_	
23-20	2871-2873	на	_	
23-21	2874-2884	потоптання	_	
23-22	2885-2890	людям	_	
23-23	2890-2891	”	_	
23-24	2891-2893	 .	_	
				
#Text=Чи не втрачають християни сьогодні свою силу? У наш час християни поділяються на практикуючих і непрактикуючих.				
24-1	2893-2895	Чи	_	
24-2	2896-2898	не	_	
24-3	2899-2908	втрачають	_	
24-4	2909-2918	християни	_	
24-5	2919-2927	сьогодні	_	
24-6	2928-2932	свою	_	
24-7	2933-2937	силу	_	
24-8	2937-2938	?	_	
24-9	2939-2940	У	_	
24-10	2941-2944	наш	_	
24-11	2945-2948	час	_	
24-12	2949-2958	християни	_	
24-13	2959-2970	поділяються	_	
24-14	2971-2973	на	_	
24-15	2974-2986	практикуючих	_	
24-16	2987-2988	і	_	
24-17	2989-3003	непрактикуючих	_	
24-18	3003-3004	.	_	
				
#Text=Практикуючі християни – це ті віруючі, які не тільки вірять у Бога, але й моляться Йому, відвідуючи храми Божі, і живуть за заповідями Божими.				
25-1	3004-3015	Практикуючі	_	
25-2	3016-3025	християни	_	
25-3	3026-3027	–	_	
25-4	3028-3030	це	_	
25-5	3031-3033	ті	_	
25-6	3034-3041	віруючі	_	
25-7	3041-3042	,	_	
25-8	3043-3046	які	_	
25-9	3047-3049	не	_	
25-10	3050-3056	тільки	_	
25-11	3057-3063	вірять	_	
25-12	3064-3065	у	_	
25-13	3066-3070	Бога	_	
25-14	3070-3071	,	_	
25-15	3072-3075	але	_	
25-16	3076-3077	й	_	
25-17	3078-3086	моляться	_	
25-18	3087-3091	Йому	_	
25-19	3091-3092	,	_	
25-20	3093-3103	відвідуючи	_	
25-21	3104-3109	храми	_	
25-22	3110-3114	Божі	_	
25-23	3114-3115	,	_	
25-24	3116-3117	і	_	
25-25	3118-3124	живуть	_	
25-26	3125-3127	за	_	
25-27	3128-3138	заповідями	_	
25-28	3139-3145	Божими	_	
25-29	3145-3146	.	_	
				
#Text=Непрактикуючі християни – це ті, що прийняли Таїнство Хрещення, але живуть без Бога, за законами гріховного світу.				
26-1	3146-3159	Непрактикуючі	_	
26-2	3160-3169	християни	_	
26-3	3170-3171	–	_	
26-4	3172-3174	це	_	
26-5	3175-3177	ті	_	
26-6	3177-3178	,	_	
26-7	3179-3181	що	_	
26-8	3182-3190	прийняли	_	
26-9	3191-3199	Таїнство	_	
26-10	3200-3208	Хрещення	_	
26-11	3208-3209	,	_	
26-12	3210-3213	але	_	
26-13	3214-3220	живуть	_	
26-14	3221-3224	без	_	
26-15	3225-3229	Бога	_	
26-16	3229-3230	,	_	
26-17	3231-3233	за	_	
26-18	3234-3242	законами	_	
26-19	3243-3253	гріховного	_	
26-20	3254-3259	світу	_	
26-21	3259-3260	.	_	
				
#Text=Таких у європейській цивілізації, в тому числі і в Україні, – більшість.				
27-1	3260-3265	Таких	_	
27-2	3266-3267	у	_	
27-3	3268-3280	європейській	_	
27-4	3281-3292	цивілізації	_	
27-5	3292-3293	,	_	
27-6	3294-3295	в	_	
27-7	3296-3300	тому	_	
27-8	3301-3306	числі	_	
27-9	3307-3308	і	_	
27-10	3309-3310	в	_	
27-11	3311-3318	Україні	_	
27-12	3318-3319	,	_	
27-13	3320-3321	–	_	
27-14	3322-3331	більшість	_	
27-15	3331-3332	.	_	
				
#Text=Тому рівень моральності в європейських країнах падає, населення різко скорочується, християнські шлюби майже зруйновані, – і все це стає загрозою для Європейської цивілізації.				
28-1	3332-3336	Тому	cont-cause-reason	
28-2	3337-3343	рівень	_	
28-3	3344-3355	моральності	_	
28-4	3356-3357	в	_	
28-5	3358-3370	європейських	_	
28-6	3371-3378	країнах	_	
28-7	3379-3384	падає	_	
28-8	3384-3385	,	_	
28-9	3386-3395	населення	_	
28-10	3396-3401	різко	_	
28-11	3402-3414	скорочується	_	
28-12	3414-3415	,	_	
28-13	3416-3428	християнські	_	
28-14	3429-3434	шлюби	_	
28-15	3435-3440	майже	_	
28-16	3441-3451	зруйновані	_	
28-17	3451-3452	,	_	
28-18	3453-3454	–	_	
28-19	3455-3456	і	exp-conjunction	
28-20	3457-3460	все	_	
28-21	3461-3463	це	_	
28-22	3464-3468	стає	_	
28-23	3469-3477	загрозою	_	
28-24	3478-3481	для	_	
28-25	3482-3494	Європейської	_	
28-26	3495-3506	цивілізації	_	
28-27	3506-3507	.	_	
				
#Text=Навіть у церковному середовищі мораль упала до неприпустимого рівня.				
29-1	3507-3513	Навіть	_	
29-2	3514-3515	у	_	
29-3	3516-3526	церковному	_	
29-4	3527-3537	середовищі	_	
29-5	3538-3544	мораль	_	
29-6	3545-3550	упала	_	
29-7	3551-3553	до	_	
29-8	3554-3568	неприпустимого	_	
29-9	3569-3574	рівня	_	
29-10	3574-3575	.	_	
				
#Text=Не тільки миряни, але й священнослужителі забувають про своє високе християнське покликання.				
30-1	3575-3577	Не	_	
30-2	3578-3584	тільки	_	
30-3	3585-3591	миряни	_	
30-4	3591-3592	,	_	
30-5	3593-3596	але	_	
30-6	3597-3598	й	_	
30-7	3599-3616	священнослужителі	_	
30-8	3617-3626	забувають	_	
30-9	3627-3630	про	_	
30-10	3631-3635	своє	_	
30-11	3636-3642	високе	_	
30-12	3643-3655	християнське	_	
30-13	3656-3666	покликання	_	
30-14	3666-3667	.	_	
				
#Text=Треба серйозно задуматися над тим, як вдихнути християнський дух в усі ділянки суспільного життя: науку та освіту, культуру та охорону здоров’я, державотворення та підприємництво, політику та дозвілля.				
31-1	3667-3672	Треба	_	
31-2	3673-3681	серйозно	_	
31-3	3682-3692	задуматися	_	
31-4	3693-3696	над	_	
31-5	3697-3700	тим	_	
31-6	3700-3701	,	_	
31-7	3702-3704	як	_	
31-8	3705-3713	вдихнути	_	
31-9	3714-3727	християнський	_	
31-10	3728-3731	дух	_	
31-11	3732-3733	в	_	
31-12	3734-3737	усі	_	
31-13	3738-3745	ділянки	_	
31-14	3746-3757	суспільного	_	
31-15	3758-3763	життя	_	
31-16	3763-3764	:	_	
31-17	3765-3770	науку	_	
31-18	3771-3773	та	_	
31-19	3774-3780	освіту	_	
31-20	3780-3781	,	_	
31-21	3782-3790	культуру	_	
31-22	3791-3793	та	_	
31-23	3794-3801	охорону	_	
31-24	3802-3810	здоров’я	_	
31-25	3810-3811	,	_	
31-26	3812-3827	державотворення	_	
31-27	3828-3830	та	_	
31-28	3831-3845	підприємництво	_	
31-29	3845-3846	,	_	
31-30	3847-3855	політику	_	
31-31	3856-3858	та	_	
31-32	3859-3867	дозвілля	_	
31-33	3867-3868	.	_	
				
#Text=Це треба робити не тільки заради Царства Божого і вічного життя, а навіть заради самозбереження.				
32-1	3868-3870	Це	_	
32-2	3871-3876	треба	_	
32-3	3877-3883	робити	_	
32-4	3884-3886	не	_	
32-5	3887-3893	тільки	_	
32-6	3894-3900	заради	_	
32-7	3901-3908	Царства	_	
32-8	3909-3915	Божого	_	
32-9	3916-3917	і	_	
32-10	3918-3925	вічного	_	
32-11	3926-3931	життя	_	
32-12	3931-3932	,	_	
32-13	3933-3934	а	_	
32-14	3935-3941	навіть	_	
32-15	3942-3948	заради	_	
32-16	3949-3963	самозбереження	_	
32-17	3963-3964	.	_	
				
#Text=Духовне відродження можливе тільки в Бозі і в любові до Нього і до людей.				
33-1	3964-3971	Духовне	_	
33-2	3972-3983	відродження	_	
33-3	3984-3991	можливе	_	
33-4	3992-3998	тільки	_	
33-5	3999-4000	в	_	
33-6	4001-4005	Бозі	_	
33-7	4006-4007	і	_	
33-8	4008-4009	в	_	
33-9	4010-4016	любові	_	
33-10	4017-4019	до	_	
33-11	4020-4025	Нього	_	
33-12	4026-4027	і	_	
33-13	4028-4030	до	_	
33-14	4031-4036	людей	_	
33-15	4036-4037	.	_	
				
#Text=Любов є змістом і рушійною силою земного та вічного життя.				
34-1	4037-4042	Любов	_	
34-2	4043-4044	є	_	
34-3	4045-4052	змістом	_	
34-4	4053-4054	і	_	
34-5	4055-4063	рушійною	_	
34-6	4064-4069	силою	_	
34-7	4070-4077	земного	_	
34-8	4078-4080	та	_	
34-9	4081-4088	вічного	_	
34-10	4089-4094	життя	_	
34-11	4094-4095	.	_	
				
#Text=Кожна людина повинна любити Бога, – любити не тільки із вдячності, але головним чином тому, що в любові до Бога полягає сутність життя всіх розумних істот.				
35-1	4095-4100	Кожна	_	
35-2	4101-4107	людина	_	
35-3	4108-4115	повинна	_	
35-4	4116-4122	любити	_	
35-5	4123-4127	Бога	_	
35-6	4127-4128	,	_	
35-7	4129-4130	–	_	
35-8	4131-4137	любити	_	
35-9	4138-4140	не	_	
35-10	4141-4147	тільки	_	
35-11	4148-4150	із	_	
35-12	4151-4160	вдячності	_	
35-13	4160-4161	,	_	
35-14	4162-4165	але	comp-contrast	
35-15	4166-4174	головним	_	
35-16	4175-4180	чином	_	
35-17	4181-4185	тому	cont-cause-reason[3]	
35-18	4185-4186	,	_	
35-19	4187-4189	що	cont-cause-reason[3]	
35-20	4190-4191	в	_	
35-21	4192-4198	любові	_	
35-22	4199-4201	до	_	
35-23	4202-4206	Бога	_	
35-24	4207-4214	полягає	_	
35-25	4215-4223	сутність	_	
35-26	4224-4229	життя	_	
35-27	4230-4234	всіх	_	
35-28	4235-4243	розумних	_	
35-29	4244-4249	істот	_	
35-30	4249-4250	.	_	
				
#Text=Ось чому Ісус Христос сказав, що любов до Бога – це перша і найбільша, а значить і найважливіша заповідь.				
36-1	4250-4253	Ось	_	
36-2	4254-4258	чому	_	
36-3	4259-4263	Ісус	_	
36-4	4264-4271	Христос	_	
36-5	4272-4278	сказав	_	
36-6	4278-4279	,	_	
36-7	4280-4282	що	_	
36-8	4283-4288	любов	_	
36-9	4289-4291	до	_	
36-10	4292-4296	Бога	_	
36-11	4297-4298	–	_	
36-12	4299-4301	це	_	
36-13	4302-4307	перша	_	
36-14	4308-4309	і	_	
36-15	4310-4319	найбільша	_	
36-16	4319-4320	,	_	
36-17	4321-4322	а	_	
36-18	4323-4330	значить	_	
36-19	4331-4332	і	_	
36-20	4333-4345	найважливіша	_	
36-21	4346-4354	заповідь	_	
36-22	4354-4355	.	_	
				
#Text=Друга заповідь Божа – любити ближнього, як самого себе.				
37-1	4355-4360	Друга	_	
37-2	4361-4369	заповідь	_	
37-3	4370-4374	Божа	_	
37-4	4375-4376	–	_	
37-5	4377-4383	любити	_	
37-6	4384-4393	ближнього	_	
37-7	4393-4394	,	_	
37-8	4395-4397	як	_	
37-9	4398-4404	самого	_	
37-10	4405-4409	себе	_	
37-11	4409-4410	.	_	
				
#Text=Релігійне протистояння серед Православних Церков не сприяє ні духовному відродженню, ні консолідації українського суспільства.				
38-1	4410-4419	Релігійне	_	
38-2	4420-4432	протистояння	_	
38-3	4433-4438	серед	_	
38-4	4439-4451	Православних	_	
38-5	4452-4458	Церков	_	
38-6	4459-4461	не	_	
38-7	4462-4468	сприяє	_	
38-8	4469-4471	ні	_	
38-9	4472-4481	духовному	_	
38-10	4482-4493	відродженню	_	
38-11	4493-4494	,	_	
38-12	4495-4497	ні	_	
38-13	4498-4510	консолідації	_	
38-14	4511-4523	українського	_	
38-15	4524-4535	суспільства	_	
38-16	4535-4536	.	_	
				
#Text=Останнім часом з’явилася надія на утворення єдиної Помісної Української Православної Церкви, але зовнішні та внутрішні противники цієї святої справи свідомо чи несвідомо стоять на перешкоді.				
39-1	4536-4544	Останнім	_	
39-2	4545-4550	часом	_	
39-3	4551-4560	з’явилася	_	
39-4	4561-4566	надія	_	
39-5	4567-4569	на	_	
39-6	4570-4579	утворення	_	
39-7	4580-4586	єдиної	_	
39-8	4587-4595	Помісної	_	
39-9	4596-4607	Української	_	
39-10	4608-4620	Православної	_	
39-11	4621-4627	Церкви	_	
39-12	4627-4628	,	_	
39-13	4629-4632	але	comp-contrast	
39-14	4633-4641	зовнішні	_	
39-15	4642-4644	та	_	
39-16	4645-4654	внутрішні	_	
39-17	4655-4665	противники	_	
39-18	4666-4670	цієї	_	
39-19	4671-4677	святої	_	
39-20	4678-4684	справи	_	
39-21	4685-4692	свідомо	_	
39-22	4693-4695	чи	_	
39-23	4696-4705	несвідомо	_	
39-24	4706-4712	стоять	_	
39-25	4713-4715	на	_	
39-26	4716-4725	перешкоді	_	
39-27	4725-4726	.	_	
				
#Text=Однак, незважаючи на всі труднощі, в Україні буде єдина Православна Церква.				
40-1	4726-4731	Однак	comp-contrast	
40-2	4731-4732	,	_	
40-3	4733-4743	незважаючи	_	
40-4	4744-4746	на	_	
40-5	4747-4750	всі	_	
40-6	4751-4759	труднощі	_	
40-7	4759-4760	,	_	
40-8	4761-4762	в	_	
40-9	4763-4770	Україні	_	
40-10	4771-4775	буде	_	
40-11	4776-4781	єдина	_	
40-12	4782-4793	Православна	_	
40-13	4794-4800	Церква	_	
40-14	4800-4801	.	_	
				
#Text=Без Української Церкви не буде Української держави, а без Української держави не може бути Української Церкви.				
41-1	4801-4804	Без	_	
41-2	4805-4816	Української	_	
41-3	4817-4823	Церкви	_	
41-4	4824-4826	не	_	
41-5	4827-4831	буде	_	
41-6	4832-4843	Української	_	
41-7	4844-4851	держави	_	
41-8	4851-4852	,	_	
41-9	4853-4854	а	comp-contrast	
41-10	4855-4858	без	_	
41-11	4859-4870	Української	_	
41-12	4871-4878	держави	_	
41-13	4879-4881	не	_	
41-14	4882-4886	може	_	
41-15	4887-4891	бути	_	
41-16	4892-4903	Української	_	
41-17	4904-4910	Церкви	_	
41-18	4910-4911	.	_	
				
#Text=Ми, покладаючись на Бога, впевнені, що будуть і Українська держава, і Українська Церква.				
42-1	4911-4913	Ми	_	
42-2	4913-4914	,	_	
42-3	4915-4927	покладаючись	_	
42-4	4928-4930	на	_	
42-5	4931-4935	Бога	_	
42-6	4935-4936	,	_	
42-7	4937-4945	впевнені	_	
42-8	4945-4946	,	_	
42-9	4947-4949	що	_	
42-10	4950-4956	будуть	_	
42-11	4957-4958	і	_	
42-12	4959-4969	Українська	_	
42-13	4970-4977	держава	_	
42-14	4977-4978	,	_	
42-15	4979-4980	і	_	
42-16	4981-4991	Українська	_	
42-17	4992-4998	Церква	_	
42-18	4998-4999	.	_	
				
#Text=Різдво Христове вселяє в нас надію на все світле, добре й вічне.				
43-1	4999-5005	Різдво	_	
43-2	5006-5014	Христове	_	
43-3	5015-5021	вселяє	_	
43-4	5022-5023	в	_	
43-5	5024-5027	нас	_	
43-6	5028-5033	надію	_	
43-7	5034-5036	на	_	
43-8	5037-5040	все	_	
43-9	5041-5047	світле	_	
43-10	5047-5048	,	_	
43-11	5049-5054	добре	_	
43-12	5055-5056	й	_	
43-13	5057-5062	вічне	_	
43-14	5062-5063	.	_	
				
#Text=У цей святковий день сердечно вітаю вас, дорогі браття і сестри, і всіх християн України з Різдвом Христовим і Новим роком.				
44-1	5063-5064	У	_	
44-2	5065-5068	цей	_	
44-3	5069-5078	святковий	_	
44-4	5079-5083	день	_	
44-5	5084-5092	сердечно	_	
44-6	5093-5098	вітаю	_	
44-7	5099-5102	вас	_	
44-8	5102-5103	,	_	
44-9	5104-5110	дорогі	_	
44-10	5111-5117	браття	_	
44-11	5118-5119	і	_	
44-12	5120-5126	сестри	_	
44-13	5126-5127	,	_	
44-14	5128-5129	і	_	
44-15	5130-5134	всіх	_	
44-16	5135-5143	християн	_	
44-17	5144-5151	України	_	
44-18	5152-5153	з	_	
44-19	5154-5161	Різдвом	_	
44-20	5162-5171	Христовим	_	
44-21	5172-5173	і	_	
44-22	5174-5179	Новим	_	
44-23	5180-5185	роком	_	
44-24	5185-5186	.	_	
				
#Text=Поздоровляю зі святом і наших земляків – українців, розсіяних по всьому світу, в Америці і Канаді, в Європі і Австралії, які люблять свою Батьківщину і дбають про Українську державу.				
45-1	5186-5197	Поздоровляю	_	
45-2	5198-5200	зі	_	
45-3	5201-5207	святом	_	
45-4	5208-5209	і	_	
45-5	5210-5215	наших	_	
45-6	5216-5224	земляків	_	
45-7	5225-5226	–	_	
45-8	5227-5236	українців	_	
45-9	5236-5237	,	_	
45-10	5238-5247	розсіяних	_	
45-11	5248-5250	по	_	
45-12	5251-5257	всьому	_	
45-13	5258-5263	світу	_	
45-14	5263-5264	,	_	
45-15	5265-5266	в	_	
45-16	5267-5274	Америці	_	
45-17	5275-5276	і	_	
45-18	5277-5283	Канаді	_	
45-19	5283-5284	,	_	
45-20	5285-5286	в	_	
45-21	5287-5293	Європі	_	
45-22	5294-5295	і	_	
45-23	5296-5305	Австралії	_	
45-24	5305-5306	,	_	
45-25	5307-5310	які	_	
45-26	5311-5318	люблять	_	
45-27	5319-5323	свою	_	
45-28	5324-5335	Батьківщину	_	
45-29	5336-5337	і	_	
45-30	5338-5344	дбають	_	
45-31	5345-5348	про	_	
45-32	5349-5359	Українську	_	
45-33	5360-5367	державу	_	
45-34	5367-5368	.	_	
				
#Text=Вітаю з Різдвом Христовим Президента України Віктора Ющенка, Верховну Раду, уряд і Збройні сили України.				
46-1	5368-5373	Вітаю	_	
46-2	5374-5375	з	_	
46-3	5376-5383	Різдвом	_	
46-4	5384-5393	Христовим	_	
46-5	5394-5404	Президента	_	
46-6	5405-5412	України	_	
46-7	5413-5420	Віктора	_	
46-8	5421-5427	Ющенка	_	
46-9	5427-5428	,	_	
46-10	5429-5437	Верховну	_	
46-11	5438-5442	Раду	_	
46-12	5442-5443	,	_	
46-13	5444-5448	уряд	_	
46-14	5449-5450	і	_	
46-15	5451-5458	Збройні	_	
46-16	5459-5463	сили	_	
46-17	5464-5471	України	_	
46-18	5471-5472	.	_	
				
#Text=Нехай Господь, за молитвами Церкви, дасть їм мудрість, натхнення і силу вірно служити українському народу за заповідями Божими і вести нашу державу європейським шляхом розвитку з Богом у душі.				
47-1	5472-5477	Нехай	_	
47-2	5478-5485	Господь	_	
47-3	5485-5486	,	_	
47-4	5487-5489	за	_	
47-5	5490-5499	молитвами	_	
47-6	5500-5506	Церкви	_	
47-7	5506-5507	,	_	
47-8	5508-5513	дасть	_	
47-9	5514-5516	їм	_	
47-10	5517-5525	мудрість	_	
47-11	5525-5526	,	_	
47-12	5527-5536	натхнення	_	
47-13	5537-5538	і	_	
47-14	5539-5543	силу	_	
47-15	5544-5549	вірно	_	
47-16	5550-5557	служити	_	
47-17	5558-5570	українському	_	
47-18	5571-5577	народу	_	
47-19	5578-5580	за	_	
47-20	5581-5591	заповідями	_	
47-21	5592-5598	Божими	_	
47-22	5599-5600	і	_	
47-23	5601-5606	вести	_	
47-24	5607-5611	нашу	_	
47-25	5612-5619	державу	_	
47-26	5620-5632	європейським	_	
47-27	5633-5639	шляхом	_	
47-28	5640-5648	розвитку	_	
47-29	5649-5650	з	_	
47-30	5651-5656	Богом	_	
47-31	5657-5658	у	_	
47-32	5659-5663	душі	_	
47-33	5663-5664	.	_	
				
#Text=У ці різдвяні дні помолимось, щоб Господь, Який народився у Віфлеємській печері, зігрів наші домівки, зміцнив здоров’я і наповнив наші спустошені душі миром і радістю.				
48-1	5664-5665	У	_	
48-2	5666-5668	ці	_	
48-3	5669-5677	різдвяні	_	
48-4	5678-5681	дні	_	
48-5	5682-5692	помолимось	_	
48-6	5692-5693	,	_	
48-7	5694-5697	щоб	_	
48-8	5698-5705	Господь	_	
48-9	5705-5706	,	_	
48-10	5707-5711	Який	_	
48-11	5712-5721	народився	_	
48-12	5722-5723	у	_	
48-13	5724-5736	Віфлеємській	_	
48-14	5737-5743	печері	_	
48-15	5743-5744	,	_	
48-16	5745-5751	зігрів	_	
48-17	5752-5756	наші	_	
48-18	5757-5764	домівки	_	
48-19	5764-5765	,	_	
48-20	5766-5773	зміцнив	_	
48-21	5774-5782	здоров’я	_	
48-22	5783-5784	і	_	
48-23	5785-5793	наповнив	_	
48-24	5794-5798	наші	_	
48-25	5799-5809	спустошені	_	
48-26	5810-5814	душі	_	
48-27	5815-5820	миром	_	
48-28	5821-5822	і	_	
48-29	5823-5830	радістю	_	
48-30	5830-5831	.	_	
				
#Text=Прославляючи народження Христа Спасителя, дякуємо Йому за всі Його благодіяння до нас, за радість і скорботи, за Його безмежну любов до нас, грішних.				
49-1	5831-5843	Прославляючи	_	
49-2	5844-5854	народження	_	
49-3	5855-5861	Христа	_	
49-4	5862-5871	Спасителя	_	
49-5	5871-5872	,	_	
49-6	5873-5880	дякуємо	_	
49-7	5881-5885	Йому	_	
49-8	5886-5888	за	_	
49-9	5889-5892	всі	_	
49-10	5893-5897	Його	_	
49-11	5898-5909	благодіяння	_	
49-12	5910-5912	до	_	
49-13	5913-5916	нас	_	
49-14	5916-5917	,	_	
49-15	5918-5920	за	_	
49-16	5921-5928	радість	_	
49-17	5929-5930	і	_	
49-18	5931-5939	скорботи	_	
49-19	5939-5940	,	_	
49-20	5941-5943	за	_	
49-21	5944-5948	Його	_	
49-22	5949-5957	безмежну	_	
49-23	5958-5963	любов	_	
49-24	5964-5966	до	_	
49-25	5967-5970	нас	_	
49-26	5970-5971	,	_	
49-27	5972-5979	грішних	_	
49-28	5979-5980	.	_	
				
#Text=Нехай Господь буде милостивим до нас у випробуваннях нашої віри та любові і пронесе мимо нас чашу Свого праведного гніву за гріхи і беззаконня наші.				
50-1	5980-5985	Нехай	_	
50-2	5986-5993	Господь	_	
50-3	5994-5998	буде	_	
50-4	5999-6009	милостивим	_	
50-5	6010-6012	до	_	
50-6	6013-6016	нас	_	
50-7	6017-6018	у	_	
50-8	6019-6032	випробуваннях	_	
50-9	6033-6038	нашої	_	
50-10	6039-6043	віри	_	
50-11	6044-6046	та	_	
50-12	6047-6053	любові	_	
50-13	6054-6055	і	_	
50-14	6056-6063	пронесе	_	
50-15	6064-6068	мимо	_	
50-16	6069-6072	нас	_	
50-17	6073-6077	чашу	_	
50-18	6078-6083	Свого	_	
50-19	6084-6094	праведного	_	
50-20	6095-6100	гніву	_	
50-21	6101-6103	за	_	
50-22	6104-6109	гріхи	_	
50-23	6110-6111	і	_	
50-24	6112-6122	беззаконня	_	
50-25	6123-6127	наші	_	
50-26	6127-6128	.	_	
				
#Text=Благодать Господа нашого Ісуса Христа нехай буде з усіма нами.				
51-1	6128-6137	Благодать	_	
51-2	6138-6145	Господа	_	
51-3	6146-6152	нашого	_	
51-4	6153-6158	Ісуса	_	
51-5	6159-6165	Христа	_	
51-6	6166-6171	нехай	_	
51-7	6172-6176	буде	_	
51-8	6177-6178	з	_	
51-9	6179-6184	усіма	_	
51-10	6185-6189	нами	_	
51-11	6189-6190	.	_	
				
#Text=Христос народився, славімо Його! ФІЛАРЕТ, Патріарх Київський і всієї Руси-України.				
52-1	6190-6197	Христос	_	
52-2	6198-6207	народився	_	
52-3	6207-6208	,	_	
52-4	6209-6216	славімо	_	
52-5	6217-6221	Його	_	
52-6	6221-6222	!	_	
52-7	6223-6230	ФІЛАРЕТ	_	
52-8	6230-6231	,	_	
52-9	6232-6240	Патріарх	_	
52-10	6241-6250	Київський	_	
52-11	6251-6252	і	_	
52-12	6253-6258	всієї	_	
52-13	6259-6263	Руси	_	
52-14	6263-6264	-	_	
52-15	6264-6271	України	_	
52-16	6271-6272	.	_	
				
#Text=Київ, Різдво Христове 2007-2008 рр.				
53-1	6272-6276	Київ	_	
53-2	6276-6277	,	_	
53-3	6278-6284	Різдво	_	
53-4	6285-6293	Христове	_	
53-5	6294-6303	2007-2008	_	
53-6	6304-6306	рр	_	
53-7	6306-6307	.	_	
				
#Text=УКРАЇНСЬКІЙ ГРОМАДІ КРИМУ, ГОЛОВНОМУ РЕДАКТОРУ ПАНУ ВІКТОРУ, КОЛЕКТИВУ І ЧИТАЧАМ ГАЗЕТИ «КРИМСЬКА СВІТЛИЦЯ». Маю честь вітати вас з великим і радісним святом - Світлим Різдвом Христовим та Новим 2008 роком цими зворушливими словами - Христос Народився! Небо і земля нині торжествують, прославляючи новонародженого Христа Спасителя.				
54-1	6307-6318	УКРАЇНСЬКІЙ	_	
54-2	6319-6326	ГРОМАДІ	_	
54-3	6327-6332	КРИМУ	_	
54-4	6332-6333	,	_	
54-5	6334-6343	ГОЛОВНОМУ	_	
54-6	6344-6353	РЕДАКТОРУ	_	
54-7	6354-6358	ПАНУ	_	
54-8	6359-6366	ВІКТОРУ	_	
54-9	6366-6367	,	_	
54-10	6368-6377	КОЛЕКТИВУ	_	
54-11	6378-6379	І	_	
54-12	6380-6387	ЧИТАЧАМ	_	
54-13	6388-6394	ГАЗЕТИ	_	
54-14	6395-6396	«	_	
54-15	6400-6413	СЬКА СВІТЛИЦЯ	_	
54-16	6413-6414	»	_	
54-17	6414-6415	.	_	
54-18	6416-6419	Маю	_	
54-19	6420-6425	честь	_	
54-20	6426-6436	вітати вас	_	
54-21	6426-6432	вітати	_	
54-22	6433-6446	вас з великим	_	
54-23	6437-6438	з	_	
54-24	6447-6448	і	_	
54-25	6449-6457	радісним	_	
54-26	6453-6464	сним святом	_	
54-27	6465-6466	-	_	
54-28	6467-6474	Світлим	_	
54-29	6475-6482	Різдвом	_	
54-30	6483-6492	Христовим	_	
54-31	6487-6495	товим та	_	
54-32	6496-6501	Новим	_	
54-33	6502-6506	2008	_	
54-34	6507-6512	роком	_	
54-35	6513-6517	цими	_	
54-36	6518-6530	зворушливими	_	
54-37	6531-6538	словами	_	
54-38	6539-6540	-	_	
54-39	6541-6548	Христос	_	
54-40	6549-6564	Народився! Небо	_	
54-41	6549-6558	Народився	_	
54-42	6558-6559	!	_	
54-43	6565-6566	і	_	
54-44	6567-6572	земля	_	
54-45	6573-6577	нині	_	
54-46	6578-6590	торжествують	_	
54-47	6590-6591	,	_	
54-48	6592-6604	прославляючи	_	
54-49	6605-6620	новонародженого	_	
54-50	6621-6627	Христа	_	
54-51	6628-6637	Спасителя	_	
54-52	6637-6638	.	_	
				
#Text=Нехай народжений Спаситель Світу - Христос буде для вас всеосяжною зіркою, яка приведе до спасіння заради життя вічного.				
55-1	6638-6643	Нехай	_	
55-2	6644-6654	народжений	_	
55-3	6655-6664	Спаситель	_	
55-4	6665-6670	Світу	_	
55-5	6671-6672	-	_	
55-6	6673-6680	Христос	_	
55-7	6681-6685	буде	_	
55-8	6686-6689	для	_	
55-9	6690-6693	вас	_	
55-10	6694-6704	всеосяжною	_	
55-11	6705-6711	зіркою	_	
55-12	6711-6712	,	_	
55-13	6713-6716	яка	_	
55-14	6717-6724	приведе	_	
55-15	6725-6727	до	_	
55-16	6728-6736	спасіння	_	
55-17	6737-6743	заради	_	
55-18	6744-6749	життя	_	
55-19	6750-6757	вічного	_	
55-20	6757-6758	.	_	
				
#Text=Бажаю, щоб Новий 2008 рік був для вас сповнений великою духовною радістю, переможним в усіх починаннях і благословенний на многі і благі літа.				
56-1	6758-6763	Бажаю	_	
56-2	6763-6764	,	_	
56-3	6765-6768	щоб	cont-purpose-arg2-as-goal	
56-4	6769-6774	Новий	_	
56-5	6775-6779	2008	_	
56-6	6780-6783	рік	_	
56-7	6784-6787	був	_	
56-8	6788-6791	для	_	
56-9	6792-6795	вас	_	
56-10	6796-6805	сповнений	_	
56-11	6806-6813	великою	_	
56-12	6814-6822	духовною	_	
56-13	6823-6830	радістю	_	
56-14	6830-6831	,	_	
56-15	6832-6842	переможним	_	
56-16	6843-6844	в	_	
56-17	6845-6849	усіх	_	
56-18	6850-6860	починаннях	_	
56-19	6861-6862	і	_	
56-20	6863-6877	благословенний	_	
56-21	6878-6880	на	_	
56-22	6881-6886	многі	_	
56-23	6887-6888	і	_	
56-24	6889-6894	благі	_	
56-25	6895-6899	літа	_	
56-26	6899-6900	.	_	
				
#Text=ХРИСТОС НАРОДИВСЯ! СЛАВІМО ЙОГО! КЛИМЕНТ, Єпископ Сімферопольський і Кримський.				
57-1	6900-6907	ХРИСТОС	_	
57-2	6908-6917	НАРОДИВСЯ	_	
57-3	6917-6918	!	_	
57-4	6919-6926	СЛАВІМО	_	
57-5	6927-6931	ЙОГО	_	
57-6	6931-6932	!	_	
57-7	6933-6940	КЛИМЕНТ	_	
57-8	6940-6941	,	_	
57-9	6942-6949	Єпископ	_	
57-10	6950-6966	Сімферопольський	_	
57-11	6967-6968	і	_	
57-12	6969-6978	Кримський	_	
57-13	6978-6979	.	_	